{
  "qwen2.5:72b|standard": {
    "em": 0.0,
    "fair_em": 0.0,
    "correct": 0,
    "valid": 3,
    "infra": 0,
    "n": 3
  },
  "qwen2.5:72b|cot": {
    "em": 0.3333333333333333,
    "fair_em": 0.3333333333333333,
    "correct": 1,
    "valid": 3,
    "infra": 0,
    "n": 3
  },
  "qwen2.5:72b|act": {
    "em": 0.3333333333333333,
    "fair_em": 0.3333333333333333,
    "correct": 1,
    "valid": 3,
    "infra": 0,
    "n": 3
  },
  "qwen2.5:72b|react": {
    "em": 0.6666666666666666,
    "fair_em": 0.6666666666666666,
    "correct": 2,
    "valid": 3,
    "infra": 0,
    "n": 3
  }
}